Open,High,Low,Close,WAP,No. of Shares,No. of Trades,Total Turnover,Deliverable Quantity,% Deli. Qty to Traded Qty,Spread H-L,Spread C-O
26.5,27.5,26.5,27.0,27.0,2400.0,2.0,64800.0,2400.0,100.0,1.0,0.5
26.5,27.8,26.5,27.15,27.15,2400.0,2.0,65160.0,1200.0,50.0,1.3,0.65
27.45,27.5,27.4,27.4,27.45,3600.0,3.0,98820.0,2400.0,66.67,0.1,-0.05
27.4,27.4,27.4,27.4,27.4,1200.0,1.0,32880.0,1200.0,100.0,0.0,0.0
25.0,25.0,25.0,25.0,25.0,84000.0,13.0,2100000.0,84000.0,100.0,0.0,0.0
28.0,28.0,26.45,26.65,26.79,8400.0,5.0,225000.0,8400.0,100.0,1.55,-1.35
24.3,26.0,24.3,24.3,24.98,6000.0,5.0,149880.0,3600.0,60.0,1.7,0.0
25.0,25.0,25.0,25.0,25.0,15600.0,1.0,390000.0,15600.0,100.0,0.0,0.0
25.5,30.0,25.1,27.35,26.76,7200.0,6.0,192660.0,6000.0,83.33,4.9,1.85
25.0,26.5,25.0,26.5,25.83,8400.0,7.0,216960.0,7200.0,85.71,1.5,1.5
24.6,25.5,24.6,25.5,25.05,2400.0,2.0,60120.0,1200.0,50.0,0.9,0.9
23.9,23.9,23.0,23.2,23.37,9600.0,8.0,224340.0,8400.0,87.5,0.9,-0.7
23.2,23.8,22.3,23.8,23.03,4800.0,4.0,110520.0,3600.0,75.0,1.5,0.6
22.05,22.5,21.7,22.05,22.17,9600.0,8.0,212820.0,7200.0,75.0,0.8,0.0
21.2,24.5,21.15,22.65,22.51,10800.0,6.0,243060.0,10800.0,100.0,3.35,1.45
24.2,25.0,22.05,24.25,23.89,18000.0,14.0,429960.0,13200.0,73.33,2.95,0.05
23.5,25.0,21.0,23.35,22.73,39600.0,28.0,900120.0,25200.0,63.64,4.0,-0.15
22.0,22.1,22.0,22.1,22.05,3600.0,3.0,79380.0,3600.0,100.0,0.1,0.1
21.85,22.8,21.1,21.8,21.9,14400.0,12.0,315300.0,9600.0,66.67,1.7,-0.05
21.4,22.1,21.4,22.1,21.83,3600.0,3.0,78600.0,2400.0,66.67,0.7,0.7
21.4,23.5,21.4,23.5,22.32,6000.0,5.0,133920.0,4800.0,80.0,2.1,2.1
22.75,23.4,22.75,23.4,23.2,4800.0,4.0,111360.0,4800.0,100.0,0.65,0.65
25.9,25.9,22.5,23.6,23.52,7200.0,6.0,169320.0,6000.0,83.33,3.4,-2.3
22.8,23.3,21.5,23.1,21.61,465600.0,31.0,10061700.0,460800.0,98.97,1.8,0.3
22.8,24.5,22.8,24.45,23.43,14400.0,7.0,337440.0,13200.0,91.67,1.7,1.65
25.0,26.05,24.5,26.0,25.41,8400.0,7.0,213420.0,7200.0,85.71,1.55,1.0
25.0,26.9,23.7,25.9,23.83,289200.0,18.0,6892320.0,285600.0,98.76,3.2,0.9
26.0,31.0,26.0,30.55,29.49,42000.0,26.0,1238400.0,34800.0,82.86,5.0,4.55
33.0,34.7,30.6,34.15,33.16,79200.0,51.0,2626320.0,58800.0,74.24,4.1,1.15
31.0,37.25,31.0,37.2,35.04,52800.0,33.0,1850040.0,38400.0,72.73,6.25,6.2
34.5,39.9,34.5,39.7,38.52,43200.0,27.0,1664100.0,34800.0,80.56,5.4,5.2
38.5,40.5,37.25,40.15,38.66,37200.0,14.0,1438140.0,37200.0,100.0,3.25,1.65
41.5,41.5,38.4,39.25,40.27,10800.0,6.0,434880.0,9600.0,88.89,3.1,-2.25
41.7,41.7,37.4,37.7,39.1,14400.0,9.0,563100.0,13200.0,91.67,4.3,-4.0
35.35,38.5,35.35,37.9,37.6,16800.0,7.0,631740.0,15600.0,92.86,3.15,2.55
37.0,40.65,34.4,39.55,37.04,138000.0,62.0,5111280.0,98400.0,71.3,6.25,2.55
38.25,40.0,37.3,39.7,39.39,42000.0,13.0,1654320.0,40800.0,97.14,2.7,1.45
37.5,40.5,37.5,40.2,38.58,25200.0,10.0,972180.0,25200.0,100.0,3.0,2.7
38.5,38.5,37.35,38.0,37.94,10800.0,9.0,409800.0,9600.0,88.89,1.15,-0.5
37.0,38.3,36.0,38.0,37.05,32400.0,18.0,1200420.0,25200.0,77.78,2.3,1.0
39.0,39.5,37.0,38.2,38.65,14400.0,10.0,556560.0,10800.0,75.0,2.5,-0.8
37.05,39.85,37.0,38.7,38.48,62400.0,22.0,2401320.0,54000.0,86.54,2.85,1.65
37.25,38.8,37.25,38.6,38.52,21600.0,8.0,831960.0,20400.0,94.44,1.55,1.35
36.25,38.0,35.5,38.0,36.88,12000.0,8.0,442500.0,9600.0,80.0,2.5,1.75
37.5,38.45,37.0,37.9,37.9,22800.0,13.0,864060.0,20400.0,89.47,1.45,0.4
37.5,37.5,37.5,37.5,37.5,1200.0,1.0,45000.0,1200.0,100.0,0.0,0.0
37.0,37.75,37.0,37.55,37.03,216000.0,10.0,7999500.0,213600.0,98.89,0.75,0.55
37.5,37.8,37.5,37.6,37.6,7200.0,4.0,270720.0,7200.0,100.0,0.3,0.1
37.45,37.8,36.45,37.15,37.09,88800.0,45.0,3293460.0,64800.0,72.97,1.35,-0.3
37.0,37.2,35.5,36.8,36.65,90000.0,33.0,3298920.0,73200.0,81.33,1.7,-0.2
36.95,37.3,35.8,37.3,36.99,51600.0,31.0,1908600.0,38400.0,74.42,1.5,0.35
37.0,37.0,36.45,36.45,36.82,3600.0,3.0,132540.0,3600.0,100.0,0.55,-0.55
37.0,37.1,36.4,37.0,36.95,98400.0,31.0,3636000.0,85200.0,86.59,0.7,0.0
36.95,37.0,36.9,37.0,36.93,48000.0,11.0,1772580.0,48000.0,100.0,0.1,0.05
36.9,36.9,36.9,36.9,36.9,14400.0,2.0,531360.0,14400.0,100.0,0.0,0.0
35.5,37.05,35.5,37.05,36.95,28800.0,21.0,1064100.0,27600.0,95.83,1.55,1.55
37.0,37.95,37.0,37.85,37.32,259200.0,40.0,9674280.0,247200.0,95.37,0.95,0.85
36.25,37.0,35.6,37.0,36.67,20400.0,15.0,748080.0,13200.0,64.71,1.4,0.75
35.8,38.0,35.8,37.65,37.03,24000.0,19.0,888600.0,15600.0,65.0,2.2,1.85
37.0,38.0,37.0,38.0,37.57,8400.0,6.0,315600.0,8400.0,100.0,1.0,1.0
37.0,39.0,37.0,38.0,37.67,67200.0,33.0,2531160.0,56400.0,83.93,2.0,1.0
37.05,38.0,36.15,37.0,37.03,232800.0,35.0,8619420.0,217200.0,93.3,1.85,-0.05
38.65,38.65,35.55,37.3,37.14,43200.0,19.0,1604460.0,33600.0,77.78,3.1,-1.35
36.0,39.0,35.0,39.0,37.84,240000.0,38.0,9081600.0,211200.0,88.0,4.0,3.0
37.8,37.8,35.6,35.6,36.89,8400.0,7.0,309840.0,7200.0,85.71,2.2,-2.2
36.7,37.0,36.7,36.9,36.88,3600.0,3.0,132780.0,3600.0,100.0,0.3,0.2
35.3,40.5,35.3,39.05,37.94,124800.0,34.0,4734900.0,108000.0,86.54,5.2,3.75
40.4,40.4,37.5,38.75,37.99,19200.0,10.0,729420.0,15600.0,81.25,2.9,-1.65
38.45,43.0,38.45,40.5,40.61,26400.0,19.0,1072200.0,18000.0,68.18,4.55,2.05
42.2,42.2,40.55,41.0,41.48,12000.0,10.0,497700.0,10800.0,90.0,1.65,-1.2
40.5,48.0,39.25,47.4,43.27,56400.0,39.0,2440260.0,48000.0,85.11,8.75,6.9
45.1,47.0,44.5,45.45,45.25,55200.0,25.0,2497860.0,42000.0,76.09,2.5,0.35
45.0,52.0,44.3,51.7,47.46,157200.0,39.0,7460580.0,139200.0,88.55,7.7,6.7
51.25,52.0,49.25,51.45,50.71,32400.0,17.0,1643100.0,27600.0,85.19,2.75,0.2
49.05,50.9,47.9,48.65,48.96,13200.0,11.0,646320.0,9600.0,72.73,3.0,-0.4
49.6,52.8,47.0,49.2,49.42,80400.0,43.0,3973560.0,62400.0,77.61,5.8,-0.4
49.0,49.0,47.0,48.7,48.16,24000.0,18.0,1155720.0,16800.0,70.0,2.0,-0.3
48.0,48.55,45.5,45.8,46.2,15600.0,11.0,720720.0,8400.0,53.85,3.05,-2.2
46.55,46.7,45.6,46.7,46.26,10800.0,9.0,499560.0,8400.0,77.78,1.1,0.15
45.0,48.5,44.25,46.6,45.58,64800.0,33.0,2953620.0,51600.0,79.63,4.25,1.6
49.0,49.0,43.0,46.05,46.11,73200.0,33.0,3375060.0,69600.0,95.08,6.0,-2.95
45.95,46.2,45.95,46.2,46.08,2400.0,2.0,110580.0,2400.0,100.0,0.25,0.25
43.5,45.5,43.5,45.15,44.75,4800.0,4.0,214800.0,3600.0,75.0,2.0,1.65
43.5,43.5,43.5,43.5,43.5,1200.0,1.0,52200.0,1200.0,100.0,0.0,0.0
43.0,45.0,41.0,44.9,43.77,67200.0,39.0,2941500.0,50400.0,75.0,4.0,1.9
42.0,44.95,42.0,44.95,43.93,9600.0,8.0,421740.0,9600.0,100.0,2.95,2.95
44.0,44.75,42.0,44.75,44.32,28800.0,12.0,1276320.0,28800.0,100.0,2.75,0.75
42.0,43.0,41.5,41.5,42.38,4800.0,4.0,203400.0,3600.0,75.0,1.5,-0.5
42.0,43.0,42.0,42.95,42.72,7200.0,6.0,307560.0,6000.0,83.33,1.0,0.95
43.0,43.5,43.0,43.25,43.25,2400.0,2.0,103800.0,2400.0,100.0,0.5,0.25
43.75,43.75,43.75,43.75,43.75,2400.0,2.0,105000.0,2400.0,100.0,0.0,0.0
43.5,43.5,43.5,43.5,43.5,24000.0,12.0,1044000.0,24000.0,100.0,0.0,0.0
41.6,43.4,40.0,42.5,42.07,42000.0,13.0,1767000.0,38400.0,91.43,3.4,0.9
42.5,42.95,42.5,42.85,42.61,8400.0,3.0,357960.0,8400.0,100.0,0.45,0.35
40.0,42.0,40.0,42.0,41.09,16800.0,14.0,690300.0,9600.0,57.14,2.0,2.0
42.9,42.9,40.2,42.4,41.53,4800.0,4.0,199320.0,3600.0,75.0,2.7,-0.5
40.25,40.25,38.8,39.5,40.02,26400.0,15.0,1056540.0,25200.0,95.45,1.45,-0.75
39.5,40.35,39.5,40.25,39.9,4800.0,3.0,191520.0,4800.0,100.0,0.85,0.75
40.0,41.9,39.95,41.6,40.59,25200.0,19.0,1022880.0,19200.0,76.19,1.95,1.6
40.0,40.7,39.6,40.6,40.24,20400.0,14.0,820800.0,13200.0,64.71,1.1,0.6
40.0,40.0,40.0,40.0,40.0,4800.0,4.0,192000.0,4800.0,100.0,0.0,0.0
40.0,40.0,40.0,40.0,40.0,1200.0,1.0,48000.0,1200.0,100.0,0.0,0.0
38.45,38.9,36.4,38.0,37.81,10800.0,8.0,408300.0,6000.0,55.56,2.5,-0.45
39.0,39.75,37.75,39.5,39.09,6000.0,5.0,234540.0,4800.0,80.0,2.0,0.5
38.85,39.0,38.85,39.0,38.9,7200.0,5.0,280080.0,7200.0,100.0,0.15,0.15
38.8,38.8,38.8,38.8,38.8,3600.0,1.0,139680.0,3600.0,100.0,0.0,0.0
37.2,38.0,32.1,33.2,34.94,26400.0,20.0,922500.0,21600.0,81.82,5.9,-4.0
36.0,36.0,33.35,35.25,35.17,13200.0,10.0,464280.0,9600.0,72.73,2.65,-0.75
35.2,35.2,34.95,35.2,35.04,9600.0,5.0,336420.0,8400.0,87.5,0.25,0.0
32.4,36.85,32.4,36.8,36.0,24000.0,16.0,864060.0,19200.0,80.0,4.45,4.4
34.9,35.55,33.35,34.2,34.45,21600.0,17.0,744060.0,15600.0,72.22,2.2,-0.7
33.55,35.45,33.55,35.1,34.95,12000.0,9.0,419340.0,8400.0,70.0,1.9,1.55
34.95,41.7,34.95,40.45,35.51,40800.0,15.0,1448940.0,38400.0,94.12,6.75,5.5
41.0,45.0,36.15,40.3,41.46,10800.0,8.0,447780.0,4800.0,44.44,8.85,-0.7
37.85,38.0,36.0,36.75,36.88,25200.0,20.0,929280.0,18000.0,71.43,2.0,-1.1
37.0,37.95,37.0,37.6,37.39,16800.0,10.0,628200.0,16800.0,100.0,0.95,0.6
37.8,39.5,37.0,37.9,37.72,70800.0,43.0,2670420.0,63600.0,89.83,2.5,0.1
39.05,39.4,35.5,36.0,38.03,72000.0,49.0,2737920.0,62400.0,86.67,3.9,-3.05
36.4,36.65,36.0,36.65,36.24,9600.0,8.0,347940.0,9600.0,100.0,0.65,0.25
35.5,36.8,35.5,35.7,36.05,8400.0,7.0,302820.0,7200.0,85.71,1.3,0.2
36.0,36.0,34.5,34.85,35.55,26400.0,18.0,938400.0,21600.0,81.82,1.5,-1.15
35.05,35.8,34.6,35.0,35.06,9600.0,4.0,336540.0,8400.0,87.5,1.2,-0.05
34.0,35.55,33.0,35.25,34.42,27600.0,23.0,949860.0,24000.0,86.96,2.55,1.25
35.25,35.25,33.35,34.5,34.55,7200.0,6.0,248760.0,6000.0,83.33,1.9,-0.75
34.0,34.0,32.6,33.3,33.57,14400.0,12.0,483420.0,14400.0,100.0,1.4,-0.7
32.6,33.4,32.0,33.0,32.29,45600.0,19.0,1472220.0,42000.0,92.11,1.4,0.4
33.85,34.0,32.8,33.25,33.44,14400.0,12.0,481500.0,12000.0,83.33,1.2,-0.6
35.7,35.7,30.95,31.7,32.92,8400.0,7.0,276540.0,7200.0,85.71,4.75,-4.0
32.5,34.0,32.5,33.65,33.57,10800.0,4.0,362520.0,10800.0,100.0,1.5,1.15
33.1,33.75,31.45,33.15,32.84,22800.0,11.0,748860.0,21600.0,94.74,2.3,0.05
34.0,34.5,32.8,33.9,33.43,26400.0,10.0,882480.0,25200.0,95.45,1.7,-0.1
32.5,33.65,32.5,33.65,32.76,10800.0,5.0,353820.0,10800.0,100.0,1.15,1.15
32.0,33.6,31.35,33.55,32.9,16800.0,10.0,552780.0,14400.0,85.71,2.25,1.55
31.25,33.4,31.0,33.15,32.47,12000.0,10.0,389640.0,8400.0,70.0,2.4,1.9
33.15,33.15,33.15,33.15,33.15,1200.0,1.0,39780.0,1200.0,100.0,0.0,0.0
33.2,33.2,31.55,32.7,32.59,18000.0,14.0,586620.0,13200.0,73.33,1.65,-0.5
33.9,33.9,32.25,33.05,32.96,13200.0,9.0,435120.0,13200.0,100.0,1.65,-0.85
33.4,33.9,33.0,33.7,33.21,43200.0,12.0,1434720.0,42000.0,97.22,0.9,0.3
34.0,34.9,34.0,34.9,34.45,2400.0,2.0,82680.0,2400.0,100.0,0.9,0.9
32.5,33.7,31.5,33.35,32.61,9600.0,7.0,313080.0,9600.0,100.0,2.2,0.85
33.4,33.4,33.15,33.15,33.22,8400.0,4.0,279060.0,8400.0,100.0,0.25,-0.25
33.25,33.35,31.5,33.35,32.41,9600.0,7.0,311160.0,8400.0,87.5,1.85,0.1
32.9,33.0,32.9,33.0,32.98,4800.0,4.0,158280.0,4800.0,100.0,0.1,0.1
32.75,32.8,31.0,32.4,31.61,40800.0,24.0,1289700.0,26400.0,64.71,1.8,-0.35
33.0,33.0,30.6,32.2,31.32,52800.0,25.0,1653480.0,37200.0,70.45,2.4,-0.8
31.0,32.0,30.6,32.0,31.44,24000.0,13.0,754560.0,15600.0,65.0,1.4,1.0
32.55,32.6,31.0,32.0,31.88,26400.0,19.0,841560.0,20400.0,77.27,1.6,-0.55
32.85,32.85,30.0,31.95,31.13,102000.0,47.0,3175440.0,64800.0,63.53,2.85,-0.9
31.15,32.4,30.6,32.1,31.63,52800.0,41.0,1669860.0,40800.0,77.27,1.8,0.95
31.05,32.2,31.0,32.0,31.75,54000.0,25.0,1714380.0,43200.0,80.0,1.2,0.95
32.0,32.65,30.6,31.75,31.38,25200.0,18.0,790800.0,19200.0,76.19,2.05,-0.25
31.1,31.9,27.65,29.3,30.01,49200.0,40.0,1476360.0,38400.0,78.05,4.25,-1.8
29.3,34.0,29.3,32.3,30.3,183600.0,74.0,5563980.0,147600.0,80.39,4.7,3.0
32.3,35.65,31.8,35.35,34.02,50400.0,34.0,1714740.0,43200.0,85.71,3.85,3.05
33.55,36.45,33.55,36.35,35.34,25200.0,18.0,890640.0,21600.0,85.71,2.9,2.8
34.25,36.0,34.25,36.0,35.42,3600.0,3.0,127500.0,3600.0,100.0,1.75,1.75
36.9,36.9,36.0,36.25,36.28,417600.0,4.0,15148860.0,417600.0,100.0,0.9,-0.65
35.9,36.0,35.0,35.95,35.06,55200.0,6.0,1935480.0,54000.0,97.83,1.0,0.05
35.8,36.0,35.25,35.7,35.87,12000.0,9.0,430380.0,12000.0,100.0,0.75,-0.1
34.2,35.85,33.35,35.6,34.74,20400.0,16.0,708780.0,13200.0,64.71,2.5,1.4
33.75,34.95,33.0,34.2,33.88,26400.0,22.0,894480.0,14400.0,54.55,1.95,0.45
33.7,34.0,32.0,34.0,33.69,27600.0,20.0,929820.0,21600.0,78.26,2.0,0.3
32.05,33.9,32.05,33.9,33.14,10800.0,8.0,357960.0,7200.0,66.67,1.85,1.85
31.85,34.3,31.8,33.45,33.17,27600.0,16.0,915600.0,19200.0,69.57,2.5,1.6
33.0,34.5,33.0,33.25,33.73,8400.0,4.0,283320.0,8400.0,100.0,1.5,0.25
32.5,35.95,32.5,34.65,34.65,9600.0,6.0,332640.0,8400.0,87.5,3.45,2.15
33.25,34.25,32.35,33.95,33.91,12000.0,7.0,406860.0,10800.0,90.0,1.9,0.7
34.7,39.0,33.25,33.7,34.6,10800.0,9.0,373680.0,8400.0,77.78,5.75,-1.0
29.5,33.95,29.5,32.4,30.03,93600.0,14.0,2811060.0,91200.0,97.44,4.45,2.9
32.15,33.5,32.15,33.4,32.81,12000.0,10.0,393660.0,9600.0,80.0,1.35,1.25
33.8,35.3,32.0,32.35,33.14,45600.0,33.0,1511220.0,36000.0,78.95,3.3,-1.45
33.75,33.9,32.25,32.7,33.0,40800.0,28.0,1346400.0,27600.0,67.65,1.65,-1.05
30.75,31.6,30.1,31.1,31.0,51600.0,42.0,1599600.0,37200.0,72.09,1.5,0.35
30.15,31.0,29.65,30.0,30.12,81600.0,56.0,2457720.0,60000.0,73.53,1.35,-0.15
29.2,30.0,29.2,30.0,29.7,14400.0,12.0,427740.0,12000.0,83.33,0.8,0.8
29.0,33.8,28.3,31.9,30.1,98400.0,59.0,2961600.0,56400.0,57.32,5.5,2.9
31.9,31.9,30.0,30.0,30.25,14400.0,12.0,435600.0,13200.0,91.67,1.9,-1.9
30.85,30.85,29.75,29.75,30.06,12000.0,10.0,360660.0,12000.0,100.0,1.1,-1.1
29.2,30.0,29.2,30.0,29.88,14400.0,8.0,430260.0,13200.0,91.67,0.8,0.8
29.25,30.0,29.1,29.9,29.52,16800.0,13.0,495900.0,14400.0,85.71,0.9,0.65
29.8,30.0,29.5,30.0,29.88,25200.0,18.0,753060.0,19200.0,76.19,0.5,0.2
27.0,28.15,24.0,26.25,25.19,262800.0,163.0,6619920.0,180000.0,68.49,4.15,-0.75
26.9,29.5,26.9,29.3,28.28,18000.0,15.0,509100.0,14400.0,80.0,2.6,2.4
27.9,27.9,25.5,25.9,26.23,86400.0,50.0,2265900.0,67200.0,77.78,2.4,-2.0
27.3,29.0,26.3,28.05,27.58,46800.0,35.0,1290960.0,38400.0,82.05,2.7,0.75
28.0,28.65,25.75,27.7,26.87,73200.0,48.0,1966740.0,54000.0,73.77,2.9,-0.3
27.0,27.0,25.1,26.0,26.09,45600.0,13.0,1189500.0,45600.0,100.0,1.9,-1.0
25.1,26.45,24.85,25.95,25.1,132000.0,29.0,3312960.0,106800.0,80.91,1.6,0.85
24.85,25.25,23.9,24.05,24.54,40800.0,26.0,1001100.0,39600.0,97.06,1.35,-0.8
26.75,26.75,24.6,25.95,25.64,9600.0,8.0,246120.0,7200.0,75.0,2.15,-0.8
26.0,26.0,24.8,25.2,25.19,34800.0,8.0,876600.0,34800.0,100.0,1.2,-0.8
25.0,25.0,24.2,24.65,24.71,16800.0,13.0,415140.0,14400.0,85.71,0.8,-0.35
22.5,24.9,22.45,24.0,24.09,28800.0,19.0,693660.0,22800.0,79.17,2.45,1.5
23.35,25.0,23.35,24.9,24.54,9600.0,6.0,235560.0,8400.0,87.5,1.65,1.55
25.0,25.0,24.8,24.8,24.89,16800.0,5.0,418200.0,16800.0,100.0,0.2,-0.2
23.65,24.25,23.65,24.25,24.0,13200.0,8.0,316860.0,10800.0,81.82,0.6,0.6
24.8,24.8,24.7,24.7,24.76,8400.0,5.0,207960.0,8400.0,100.0,0.1,-0.1
23.1,23.95,23.0,23.25,23.23,6000.0,5.0,139380.0,6000.0,100.0,0.95,0.15
23.95,24.0,23.95,24.0,24.0,39600.0,19.0,950280.0,37200.0,93.94,0.05,0.05
24.4,25.95,24.1,25.0,24.95,532800.0,56.0,13292040.0,523200.0,98.2,1.85,0.6
25.5,25.5,24.5,25.0,25.01,478800.0,46.0,11972760.0,476400.0,99.5,1.0,-0.5
25.0,26.4,23.1,24.7,24.63,192000.0,98.0,4728360.0,150000.0,78.12,3.3,-0.3
23.5,26.2,22.55,25.85,25.06,115200.0,55.0,2887200.0,76800.0,66.67,3.65,2.35
25.0,28.0,24.0,26.6,26.18,121200.0,60.0,3173400.0,91200.0,75.25,4.0,1.6
26.0,31.9,26.0,29.95,30.66,205200.0,109.0,6290700.0,154800.0,75.44,5.9,3.95
32.0,32.0,29.4,30.75,30.77,75600.0,51.0,2325900.0,62400.0,82.54,2.6,-1.25
30.5,34.7,30.0,32.5,32.59,51600.0,34.0,1681860.0,42000.0,81.4,4.7,2.0
31.8,35.85,30.0,34.5,31.61,205200.0,104.0,6486240.0,122400.0,59.65,5.85,2.7
33.05,34.9,31.9,34.75,33.07,84000.0,55.0,2777760.0,54000.0,64.29,3.0,1.7
34.1,34.5,33.0,33.6,33.87,45600.0,35.0,1544640.0,32400.0,71.05,1.5,-0.5
34.45,35.5,33.2,35.0,34.11,165600.0,86.0,5648160.0,106800.0,64.49,2.3,0.55
34.05,34.55,33.0,33.75,33.51,94800.0,31.0,3176700.0,87600.0,92.4,1.55,-0.3
33.45,34.0,32.0,33.65,32.72,186000.0,40.0,6085260.0,114000.0,61.29,2.0,0.2
31.8,32.35,30.15,30.75,31.1,79200.0,61.0,2463480.0,61200.0,77.27,2.2,-1.05
30.95,31.5,30.0,31.15,30.82,19200.0,16.0,591720.0,14400.0,75.0,1.5,0.2
30.0,33.35,29.8,31.3,31.13,61200.0,46.0,1905060.0,46800.0,76.47,3.55,1.3
30.3,31.3,30.05,31.0,30.73,13200.0,11.0,405660.0,9600.0,72.73,1.25,0.7
29.75,31.6,29.75,31.25,30.75,12000.0,8.0,368940.0,8400.0,70.0,1.85,1.5
31.1,31.1,29.7,29.85,30.47,16800.0,14.0,511860.0,13200.0,78.57,1.4,-1.25
30.4,30.4,29.6,29.85,29.92,7200.0,6.0,215400.0,6000.0,83.33,0.8,-0.55
31.65,31.65,28.85,29.85,29.46,111600.0,49.0,3288000.0,67200.0,60.22,2.8,-1.8
29.9,30.5,29.05,29.05,29.66,28800.0,23.0,854340.0,28800.0,100.0,1.45,-0.85
30.1,31.8,29.5,30.6,30.18,22800.0,19.0,688080.0,20400.0,89.47,2.3,0.5
30.15,32.2,30.0,31.35,30.77,110400.0,35.0,3397140.0,105600.0,95.65,2.2,1.2
31.0,31.5,30.0,31.2,31.18,82800.0,48.0,2581860.0,32400.0,39.13,1.5,0.2
31.5,31.5,30.0,31.1,30.9,57600.0,30.0,1779900.0,46800.0,81.25,1.5,-0.4
30.5,30.95,30.25,30.55,30.58,13200.0,11.0,403620.0,10800.0,81.82,0.7,0.05
30.5,30.7,29.5,30.45,30.37,13200.0,8.0,400860.0,10800.0,81.82,1.2,-0.05
30.0,30.45,29.5,29.5,30.07,7200.0,6.0,216480.0,7200.0,100.0,0.95,-0.5
30.0,30.0,29.0,29.0,29.62,37200.0,17.0,1101960.0,1200.0,3.23,1.0,-1.0
28.3,29.95,28.2,29.4,28.95,12000.0,9.0,347400.0,8400.0,70.0,1.75,1.1
29.95,29.95,28.65,29.0,29.08,16800.0,10.0,488460.0,15600.0,92.86,1.3,-0.95
28.55,28.55,28.55,28.55,28.55,1200.0,1.0,34260.0,1200.0,100.0,0.0,0.0
28.15,28.2,28.15,28.2,28.18,3600.0,3.0,101460.0,3600.0,100.0,0.05,0.05
28.1,28.1,26.65,27.5,27.56,21600.0,17.0,595260.0,18000.0,83.33,1.45,-0.6
28.0,28.0,27.0,27.6,27.33,42000.0,19.0,1147860.0,39600.0,94.29,1.0,-0.4
27.6,28.9,26.5,27.05,27.29,62400.0,31.0,1702980.0,51600.0,82.69,2.4,-0.55
26.15,26.15,26.15,26.15,26.15,2400.0,2.0,62760.0,2400.0,100.0,0.0,0.0
26.0,26.0,26.0,26.0,26.0,3600.0,3.0,93600.0,3600.0,100.0,0.0,0.0
26.45,26.5,26.0,26.0,26.25,4800.0,4.0,126000.0,4800.0,100.0,0.5,-0.45
26.0,27.5,26.0,26.65,26.45,14400.0,11.0,380820.0,12000.0,83.33,1.5,0.65
26.7,30.95,26.65,30.1,28.64,98400.0,49.0,2818260.0,69600.0,70.73,4.3,3.4
30.0,30.1,27.4,28.5,29.06,64800.0,39.0,1882920.0,56400.0,87.04,2.7,-1.5
28.3,30.05,27.65,29.95,29.44,63600.0,32.0,1872240.0,56400.0,88.68,2.4,1.65
29.5,30.45,28.8,29.0,29.38,58800.0,13.0,1727700.0,52800.0,89.8,1.65,-0.5
29.05,29.05,29.0,29.0,29.03,3600.0,3.0,104520.0,3600.0,100.0,0.05,-0.05
28.15,32.0,28.0,31.95,29.9,160800.0,68.0,4807980.0,127200.0,79.1,4.0,3.8
33.25,34.5,31.15,33.9,32.65,74400.0,45.0,2429400.0,38400.0,51.61,3.35,0.65
34.0,35.85,32.8,35.25,34.7,66000.0,37.0,2290140.0,58800.0,89.09,3.05,1.25
35.45,36.0,33.35,34.85,35.09,130800.0,63.0,4589160.0,116400.0,88.99,2.65,-0.6
36.0,36.0,34.3,34.9,35.33,28800.0,19.0,1017360.0,26400.0,91.67,1.7,-1.1
34.25,34.85,33.1,33.5,34.03,28800.0,24.0,979980.0,21600.0,75.0,1.75,-0.75
34.9,34.9,32.05,33.2,32.98,15600.0,13.0,514500.0,10800.0,69.23,2.85,-1.7
34.9,34.9,32.9,32.9,34.32,28800.0,10.0,988440.0,26400.0,91.67,2.0,-2.0
33.65,33.75,33.0,33.25,33.4,13200.0,11.0,440880.0,10800.0,81.82,0.75,-0.4
34.0,34.0,32.3,32.8,33.04,9600.0,7.0,317160.0,8400.0,87.5,1.7,-1.2
33.3,34.0,32.7,32.7,33.43,7200.0,5.0,240720.0,6000.0,83.33,1.3,-0.6
32.5,33.0,32.5,33.0,32.92,7200.0,5.0,237000.0,7200.0,100.0,0.5,0.5
33.9,33.9,31.9,32.25,32.68,3600.0,3.0,117660.0,2400.0,66.67,2.0,-1.65
31.4,33.0,31.4,31.6,31.86,18000.0,13.0,573420.0,14400.0,80.0,1.6,0.2
32.0,33.0,32.0,32.1,32.28,4800.0,4.0,154920.0,3600.0,75.0,1.0,0.1
32.4,33.0,31.8,32.7,32.59,20400.0,12.0,664800.0,16800.0,82.35,1.2,0.3
31.8,32.95,31.8,32.95,32.38,2400.0,2.0,77700.0,1200.0,50.0,1.15,1.15
32.95,32.95,32.3,32.6,32.61,14400.0,9.0,469560.0,14400.0,100.0,0.65,-0.35
33.0,33.9,32.0,32.15,32.86,66000.0,42.0,2168580.0,55200.0,83.64,1.9,-0.85
32.4,32.85,31.85,31.95,32.36,32400.0,23.0,1048500.0,30000.0,92.59,1.0,-0.45
33.5,33.5,32.15,32.15,32.94,7200.0,4.0,237180.0,7200.0,100.0,1.35,-1.35
31.6,32.4,31.6,32.0,31.99,7200.0,5.0,230340.0,4800.0,66.67,0.8,0.4
31.3,32.25,31.3,32.0,31.74,14400.0,12.0,457080.0,9600.0,66.67,0.95,0.7
31.5,33.2,31.5,32.8,32.67,8400.0,7.0,274440.0,8400.0,100.0,1.7,1.3
32.05,32.5,31.3,32.05,31.84,19200.0,13.0,611280.0,13200.0,68.75,1.2,0.0
32.0,32.0,31.0,31.1,31.62,7200.0,5.0,227640.0,7200.0,100.0,1.0,-0.9
31.45,31.5,31.45,31.5,31.47,3600.0,3.0,113280.0,3600.0,100.0,0.05,0.05
32.1,32.2,29.75,30.85,30.68,79200.0,53.0,2429460.0,58800.0,74.24,2.45,-1.25
32.15,32.2,30.85,31.45,31.5,15600.0,11.0,491340.0,14400.0,92.31,1.35,-0.7
31.9,31.9,30.8,31.6,31.54,39600.0,33.0,1249080.0,30000.0,75.76,1.1,-0.3
31.95,32.3,31.0,31.2,31.73,39600.0,30.0,1256340.0,27600.0,69.7,1.3,-0.75
31.0,31.15,30.6,30.6,30.78,7200.0,6.0,221580.0,6000.0,83.33,0.55,-0.4
31.75,31.8,30.0,30.8,30.68,46800.0,39.0,1436040.0,32400.0,69.23,1.8,-0.95
31.4,31.5,31.3,31.45,31.38,6000.0,5.0,188280.0,6000.0,100.0,0.2,0.05
31.7,31.8,30.7,31.4,31.29,30000.0,23.0,938760.0,24000.0,80.0,1.1,-0.3
30.95,31.75,30.95,31.5,31.52,27600.0,23.0,869820.0,24000.0,86.96,0.8,0.55
30.75,31.7,30.35,31.55,31.04,12000.0,10.0,372420.0,8400.0,70.0,1.35,0.8
31.3,31.3,29.75,30.35,30.73,33600.0,21.0,1032660.0,27600.0,82.14,1.55,-0.95
29.75,31.0,29.6,29.9,29.96,15600.0,12.0,467400.0,12000.0,76.92,1.4,0.15
30.05,30.05,29.0,30.0,29.75,20400.0,16.0,606900.0,16800.0,82.35,1.05,-0.05
30.0,30.0,29.7,29.7,29.93,4800.0,4.0,143640.0,4800.0,100.0,0.3,-0.3
29.7,30.85,29.7,29.75,30.39,18000.0,8.0,547080.0,15600.0,86.67,1.15,0.05
29.3,30.6,29.3,30.6,29.97,7200.0,6.0,215760.0,4800.0,66.67,1.3,1.3
30.6,31.0,29.55,30.6,30.32,22800.0,17.0,691380.0,16800.0,73.68,1.45,0.0
31.0,31.9,30.0,30.0,30.37,63600.0,43.0,1931520.0,54000.0,84.91,1.9,-1.0
30.0,30.5,29.75,29.8,30.06,10800.0,8.0,324660.0,9600.0,88.89,0.75,-0.2
29.3,30.0,29.3,29.9,29.54,9600.0,8.0,283560.0,6000.0,62.5,0.7,0.6
29.75,29.75,29.35,29.35,29.45,4800.0,4.0,141360.0,3600.0,75.0,0.4,-0.4
31.4,31.75,30.0,30.15,30.92,30000.0,23.0,927720.0,24000.0,80.0,1.75,-1.25
30.5,31.25,30.5,30.95,30.61,46800.0,9.0,1432440.0,45600.0,97.44,0.75,0.45
31.35,32.5,31.0,31.7,31.82,32400.0,26.0,1031100.0,26400.0,81.48,1.5,0.35
32.35,32.7,30.8,31.1,31.75,24000.0,19.0,761880.0,14400.0,60.0,1.9,-1.25
32.1,32.25,31.3,32.0,31.75,8400.0,7.0,266700.0,8400.0,100.0,0.95,-0.1
32.0,34.0,31.45,32.25,32.38,58800.0,28.0,1904220.0,46800.0,79.59,2.55,0.25
30.8,31.0,29.3,30.45,30.43,36000.0,28.0,1095360.0,33600.0,93.33,1.7,-0.35
30.75,31.0,30.5,30.95,30.84,9600.0,8.0,296040.0,9600.0,100.0,0.5,0.2
30.3,30.65,30.0,30.0,30.17,14400.0,8.0,434400.0,13200.0,91.67,0.65,-0.3
30.0,30.65,28.0,29.15,29.38,33600.0,26.0,987060.0,27600.0,82.14,2.65,-0.85
29.3,29.3,27.0,27.0,27.53,26400.0,22.0,726660.0,24000.0,90.91,2.3,-2.3
27.85,28.85,27.85,28.0,28.37,9600.0,7.0,272340.0,8400.0,87.5,1.0,0.15
28.05,28.05,25.0,26.15,26.28,31200.0,22.0,820080.0,22800.0,73.08,3.05,-1.9
27.0,28.3,27.0,28.15,27.8,12000.0,10.0,333540.0,10800.0,90.0,1.3,1.15
27.45,28.5,27.0,28.05,27.66,8400.0,7.0,232320.0,7200.0,85.71,1.5,0.6
28.35,29.0,28.35,28.9,28.64,8400.0,7.0,240540.0,8400.0,100.0,0.65,0.55
28.3,29.0,28.0,28.65,28.43,13200.0,10.0,375300.0,9600.0,72.73,1.0,0.35
29.6,29.9,29.5,29.5,29.78,14400.0,12.0,428820.0,14400.0,100.0,0.4,-0.1
28.8,29.5,28.8,28.85,29.27,9600.0,7.0,280980.0,8400.0,87.5,0.7,0.05
28.3,28.8,28.25,28.45,28.42,13200.0,11.0,375180.0,12000.0,90.91,0.55,0.15
27.7,28.2,27.0,27.0,27.67,16800.0,14.0,464880.0,13200.0,78.57,1.2,-0.7
27.4,29.9,27.4,27.95,28.54,64800.0,40.0,1849620.0,61200.0,94.44,2.5,0.55
27.9,30.7,26.8,29.2,28.52,62400.0,40.0,1779540.0,45600.0,73.08,3.9,1.3
28.95,29.0,28.5,28.5,28.83,4800.0,4.0,138360.0,4800.0,100.0,0.5,-0.45
29.0,29.0,28.05,28.8,28.95,27600.0,4.0,799020.0,26400.0,95.65,0.95,-0.2
29.8,30.4,23.8,27.0,29.02,57600.0,15.0,1671780.0,52800.0,91.67,6.6,-2.8
26.15,26.95,26.15,26.95,26.64,16800.0,14.0,447540.0,12000.0,71.43,0.8,0.8
27.0,27.4,26.5,26.5,27.04,12000.0,7.0,324420.0,12000.0,100.0,0.9,-0.5
27.0,27.0,27.0,27.0,27.0,2400.0,2.0,64800.0,2400.0,100.0,0.0,0.0
25.6,25.6,25.6,25.6,25.6,1200.0,1.0,30720.0,1200.0,100.0,0.0,0.0
26.0,26.0,24.8,25.95,25.37,13200.0,9.0,334860.0,10800.0,81.82,1.2,-0.05
24.7,25.95,24.7,25.8,25.51,4800.0,4.0,122460.0,3600.0,75.0,1.25,1.1
25.05,25.05,24.15,25.0,24.69,9600.0,7.0,237000.0,8400.0,87.5,0.9,-0.05
25.0,25.45,25.0,25.45,25.21,6000.0,5.0,151260.0,6000.0,100.0,0.45,0.45
25.45,25.45,25.45,25.45,25.45,1200.0,1.0,30540.0,1200.0,100.0,0.0,0.0
25.5,26.15,23.4,24.2,24.84,26400.0,18.0,655740.0,9600.0,36.36,2.75,-1.3
24.75,25.2,24.0,24.0,24.92,9600.0,5.0,239220.0,9600.0,100.0,1.2,-0.75
24.75,25.1,24.45,25.1,24.79,9600.0,8.0,238020.0,7200.0,75.0,0.65,0.35
25.1,25.1,24.6,24.6,24.85,2400.0,2.0,59640.0,2400.0,100.0,0.5,-0.5
24.9,24.9,23.65,23.65,24.43,7200.0,6.0,175860.0,7200.0,100.0,1.25,-1.25
24.0,24.85,24.0,24.0,24.19,12000.0,10.0,290220.0,8400.0,70.0,0.85,0.0
24.0,24.45,23.85,24.05,24.14,13200.0,11.0,318660.0,13200.0,100.0,0.6,0.05
24.5,26.3,24.5,24.95,25.39,82800.0,50.0,2102640.0,62400.0,75.36,1.8,0.45
24.95,25.2,24.9,25.2,25.02,3600.0,3.0,90060.0,3600.0,100.0,0.3,0.25
25.6,25.6,25.4,25.4,25.5,2400.0,2.0,61200.0,2400.0,100.0,0.2,-0.2
25.75,25.75,24.45,24.6,24.92,7200.0,6.0,179400.0,4800.0,66.67,1.3,-1.15
25.4,26.0,25.4,25.7,25.68,7200.0,5.0,184860.0,7200.0,100.0,0.6,0.3
26.4,26.4,25.0,25.55,25.4,13200.0,9.0,335280.0,10800.0,81.82,1.4,-0.85
25.8,29.25,25.8,27.65,27.02,67200.0,32.0,1815420.0,58800.0,87.5,3.45,1.85
28.0,31.5,27.35,29.75,30.01,193200.0,60.0,5797200.0,168000.0,86.96,4.15,1.75
29.95,29.95,29.8,29.8,29.94,15600.0,4.0,467040.0,15600.0,100.0,0.15,-0.15
29.8,29.8,29.8,29.8,29.8,1200.0,1.0,35760.0,1200.0,100.0,0.0,0.0
28.5,30.3,28.5,30.3,29.4,2400.0,2.0,70560.0,2400.0,100.0,1.8,1.8
30.3,30.9,28.7,29.1,29.62,6000.0,5.0,177720.0,2400.0,40.0,2.2,-1.2
29.5,29.5,28.3,28.3,28.9,2400.0,2.0,69360.0,2400.0,100.0,1.2,-1.2
28.0,30.0,27.8,29.45,28.87,9600.0,8.0,277140.0,7200.0,75.0,2.2,1.45
28.25,29.5,28.25,28.65,28.96,4800.0,4.0,139020.0,3600.0,75.0,1.25,0.4
29.65,29.65,28.65,28.65,29.15,2400.0,2.0,69960.0,2400.0,100.0,1.0,-1.0
29.7,29.7,29.0,29.0,29.18,4800.0,4.0,140040.0,4800.0,100.0,0.7,-0.7
29.0,29.0,27.5,27.6,27.93,39600.0,26.0,1105860.0,34800.0,87.88,1.5,-1.4
27.5,27.5,27.5,27.5,27.5,1200.0,1.0,33000.0,1200.0,100.0,0.0,0.0
28.1,29.4,28.1,29.15,28.76,9600.0,8.0,276120.0,8400.0,87.5,1.3,1.05
29.0,29.75,29.0,29.5,29.46,8400.0,7.0,247440.0,8400.0,100.0,0.75,0.5
29.3,30.2,29.3,29.75,29.85,15600.0,13.0,465720.0,12000.0,76.92,0.9,0.45
29.75,32.45,29.75,31.9,31.33,98400.0,69.0,3082800.0,86400.0,87.8,2.7,2.15
30.65,31.0,30.0,30.15,30.56,13200.0,11.0,403380.0,12000.0,90.91,1.0,-0.5
29.7,29.7,29.65,29.65,29.68,3600.0,3.0,106860.0,3600.0,100.0,0.05,-0.05
32.0,32.75,31.4,31.9,32.25,114000.0,37.0,3676080.0,110400.0,96.84,1.35,-0.1
31.9,33.0,31.2,31.2,32.5,19200.0,12.0,624000.0,18000.0,93.75,1.8,-0.7
32.95,33.0,31.0,31.0,32.3,40800.0,26.0,1317840.0,33600.0,82.35,2.0,-1.95
31.9,31.9,29.5,29.5,30.47,30000.0,17.0,913980.0,28800.0,96.0,2.4,-2.4
29.1,29.8,28.25,29.6,29.05,22800.0,14.0,662400.0,19200.0,84.21,1.55,0.5
29.1,33.0,29.1,32.75,31.94,68400.0,30.0,2184360.0,64800.0,94.74,3.9,3.65
31.9,36.0,30.55,35.0,34.66,103200.0,64.0,3577080.0,72000.0,69.77,5.45,3.1
35.5,38.0,33.55,36.85,35.82,81600.0,50.0,2923260.0,57600.0,70.59,4.45,1.35
38.5,38.5,35.25,36.05,36.06,50400.0,30.0,1817520.0,38400.0,76.19,3.25,-2.45
37.0,37.0,34.05,34.05,34.96,72000.0,28.0,2516940.0,64800.0,90.0,2.95,-2.95
34.95,35.2,34.5,35.05,34.94,12000.0,10.0,419280.0,10800.0,90.0,0.7,0.1
35.0,35.7,34.3,34.3,35.58,32400.0,10.0,1152840.0,32400.0,100.0,1.4,-0.7
34.05,37.0,34.0,36.85,35.06,36000.0,23.0,1262040.0,33600.0,93.33,3.0,2.8
36.25,36.25,34.85,35.4,35.64,18000.0,14.0,641520.0,15600.0,86.67,1.4,-0.85
34.5,35.45,34.5,34.6,34.91,8400.0,7.0,293280.0,7200.0,85.71,0.95,0.1
34.1,34.1,34.1,34.1,34.1,1200.0,1.0,40920.0,1200.0,100.0,0.0,0.0
34.6,34.6,34.4,34.5,34.52,3600.0,3.0,124260.0,3600.0,100.0,0.2,-0.1
34.25,34.5,34.0,34.0,34.13,13200.0,6.0,450540.0,13200.0,100.0,0.5,-0.25
32.9,33.25,32.9,33.25,33.08,2400.0,2.0,79380.0,2400.0,100.0,0.35,0.35
34.45,34.45,34.15,34.25,34.3,4800.0,4.0,164640.0,4800.0,100.0,0.3,-0.2
32.85,32.85,32.8,32.8,32.83,2400.0,2.0,78780.0,2400.0,100.0,0.05,-0.05
31.1,33.9,31.0,31.05,31.52,28800.0,22.0,907800.0,20400.0,70.83,2.9,-0.05
31.75,32.05,31.75,31.9,31.92,3600.0,3.0,114900.0,3600.0,100.0,0.3,0.15
30.55,31.0,30.05,30.3,30.48,4800.0,4.0,146280.0,3600.0,75.0,0.95,-0.25
30.3,31.65,29.25,30.5,29.91,24000.0,20.0,717840.0,13200.0,55.0,2.4,0.2
30.0,30.0,28.7,28.7,29.79,9600.0,8.0,285960.0,9600.0,100.0,1.3,-1.3
28.55,29.0,28.2,28.6,28.53,8400.0,7.0,239640.0,8400.0,100.0,0.8,0.05
29.0,30.25,29.0,29.65,29.47,14400.0,10.0,424380.0,13200.0,91.67,1.25,0.65
29.15,29.6,28.35,29.6,29.27,10800.0,5.0,316080.0,9600.0,88.89,1.25,0.45
28.55,28.55,28.55,28.55,28.55,3600.0,3.0,102780.0,2400.0,66.67,0.0,0.0
28.0,28.0,27.55,27.55,27.78,2400.0,2.0,66660.0,2400.0,100.0,0.45,-0.45
28.55,28.9,28.5,28.5,28.62,12000.0,5.0,343380.0,12000.0,100.0,0.4,-0.05
28.5,28.5,28.5,28.5,28.5,4800.0,3.0,136800.0,4800.0,100.0,0.0,0.0
28.2,28.2,26.9,27.5,27.83,37200.0,19.0,1035120.0,33600.0,90.32,1.3,-0.7
27.05,27.75,27.05,27.75,27.25,6000.0,4.0,163500.0,4800.0,80.0,0.7,0.7
27.5,28.0,27.5,28.0,27.89,12000.0,7.0,334680.0,10800.0,90.0,0.5,0.5
28.0,28.0,27.0,28.0,27.9,38400.0,15.0,1071540.0,38400.0,100.0,1.0,0.0
27.6,27.6,27.5,27.5,27.55,2400.0,2.0,66120.0,2400.0,100.0,0.1,-0.1
27.2,27.95,27.2,27.95,27.45,3600.0,3.0,98820.0,2400.0,66.67,0.75,0.75
27.5,28.0,27.0,28.0,27.42,15600.0,5.0,427800.0,9600.0,61.54,1.0,0.5
28.0,28.0,27.65,27.65,27.99,52800.0,3.0,1477980.0,51600.0,97.73,0.35,-0.35
28.25,28.25,28.25,28.25,28.25,1200.0,1.0,33900.0,1200.0,100.0,0.0,0.0
28.2,28.4,27.0,27.95,27.97,8400.0,4.0,234960.0,7200.0,85.71,1.4,-0.25
27.0,27.0,26.05,26.4,26.67,14400.0,9.0,384060.0,13200.0,91.67,0.95,-0.6
26.15,27.0,26.15,27.0,26.58,2400.0,2.0,63780.0,1200.0,50.0,0.85,0.85
26.6,26.6,26.55,26.55,26.58,2400.0,2.0,63780.0,2400.0,100.0,0.05,-0.05
26.55,26.8,26.05,26.05,26.29,7200.0,6.0,189300.0,6000.0,83.33,0.75,-0.5
26.8,27.75,26.8,27.55,27.42,10800.0,6.0,296100.0,10800.0,100.0,0.95,0.75
27.95,27.95,27.75,27.9,27.87,3600.0,3.0,100320.0,3600.0,100.0,0.2,-0.05
28.0,28.0,27.0,27.0,27.19,14400.0,8.0,391500.0,13200.0,91.67,1.0,-1.0
27.9,27.9,25.25,26.3,26.32,32400.0,24.0,852720.0,19200.0,59.26,2.65,-1.6
26.6,27.75,26.6,27.3,27.14,10800.0,7.0,293100.0,10800.0,100.0,1.15,0.7
27.7,27.9,27.3,27.9,27.7,8400.0,7.0,232680.0,8400.0,100.0,0.6,0.2
27.9,27.9,26.9,26.9,27.57,3600.0,3.0,99240.0,3600.0,100.0,1.0,-1.0
26.9,26.9,26.6,26.7,26.77,6000.0,5.0,160620.0,6000.0,100.0,0.3,-0.2
27.85,27.85,26.85,26.85,27.54,8400.0,7.0,231300.0,7200.0,85.71,1.0,-1.0
27.45,27.5,26.9,26.9,27.28,3600.0,3.0,98220.0,2400.0,66.67,0.6,-0.55
27.55,27.6,26.9,26.9,27.27,8400.0,7.0,229080.0,7200.0,85.71,0.7,-0.65
27.2,27.35,26.85,26.85,26.92,18000.0,12.0,484560.0,18000.0,100.0,0.5,-0.35
27.65,28.1,27.0,28.0,27.71,21600.0,18.0,598560.0,18000.0,83.33,1.1,0.35
28.0,28.05,28.0,28.0,28.02,3600.0,3.0,100860.0,3600.0,100.0,0.05,0.0
28.7,30.85,27.85,29.5,29.2,32400.0,23.0,946020.0,24000.0,74.07,3.0,0.8
30.15,30.15,29.15,29.95,29.83,6000.0,5.0,178980.0,4800.0,80.0,1.0,-0.2
28.65,29.8,28.65,29.4,29.4,3600.0,3.0,105840.0,2400.0,66.67,1.15,0.75
30.0,30.0,29.0,29.0,29.63,7200.0,6.0,213300.0,7200.0,100.0,1.0,-1.0
28.9,29.95,28.2,28.9,28.92,18000.0,15.0,520500.0,13200.0,73.33,1.75,0.0
29.95,29.95,28.1,28.15,29.01,13200.0,10.0,382980.0,13200.0,100.0,1.85,-1.8
28.15,28.15,27.3,27.5,27.55,15600.0,12.0,429780.0,15600.0,100.0,0.85,-0.65
26.5,27.5,26.5,26.85,26.95,3600.0,3.0,97020.0,2400.0,66.67,1.0,0.35
28.45,28.45,27.05,27.05,27.91,4800.0,4.0,133980.0,3600.0,75.0,1.4,-1.4
22.65,28.9,22.65,27.0,26.1,6000.0,5.0,156600.0,3600.0,60.0,6.25,4.35
27.0,27.0,27.0,27.0,27.0,3600.0,3.0,97200.0,3600.0,100.0,0.0,0.0
26.8,28.5,26.3,27.0,27.2,26400.0,16.0,717960.0,16800.0,63.64,2.2,0.2
27.0,27.5,26.7,27.0,27.01,10800.0,9.0,291660.0,10800.0,100.0,0.8,0.0
26.5,26.5,26.5,26.5,26.5,1200.0,1.0,31800.0,1200.0,100.0,0.0,0.0
26.5,26.5,26.5,26.5,26.5,1200.0,1.0,31800.0,1200.0,100.0,0.0,0.0
26.5,26.5,26.5,26.5,26.5,1200.0,1.0,31800.0,1200.0,100.0,0.0,0.0
25.75,26.8,25.75,26.3,26.29,4800.0,4.0,126180.0,4800.0,100.0,1.05,0.55
25.75,26.95,25.75,25.8,26.51,9600.0,6.0,254460.0,7200.0,75.0,1.2,0.05
25.8,26.6,25.35,26.05,26.03,6000.0,5.0,156180.0,4800.0,80.0,1.25,0.25
26.8,26.8,26.8,26.8,26.8,1200.0,1.0,32160.0,1200.0,100.0,0.0,0.0
26.8,27.75,26.7,27.5,27.38,33600.0,11.0,919920.0,31200.0,92.86,1.05,0.7
26.0,27.5,25.5,26.75,26.3,37200.0,31.0,978420.0,26400.0,70.97,2.0,0.75
27.45,27.5,25.0,27.1,25.23,878400.0,174.0,22159680.0,760800.0,86.61,2.5,-0.35
25.9,27.2,25.25,25.45,26.1,38400.0,31.0,1002180.0,30000.0,78.12,1.95,-0.45
25.0,28.0,25.0,26.8,26.8,56400.0,29.0,1511400.0,43200.0,76.6,3.0,1.8
28.0,31.0,28.0,30.55,30.23,51600.0,33.0,1559700.0,49200.0,95.35,3.0,2.55
31.0,33.4,31.0,33.0,32.18,50400.0,29.0,1622040.0,45600.0,90.48,2.4,2.0
33.85,33.85,30.5,31.65,31.58,146400.0,17.0,4624020.0,138000.0,94.26,3.35,-2.2
31.2,33.1,31.15,32.45,31.49,98400.0,29.0,3098820.0,93600.0,95.12,1.95,1.25
32.45,32.45,31.15,31.15,31.23,117600.0,32.0,3672900.0,96000.0,81.63,1.3,-1.3
32.1,36.0,32.05,35.6,34.42,72000.0,46.0,2478000.0,67200.0,93.33,3.95,3.5
36.5,36.5,35.0,35.15,35.96,22800.0,17.0,819780.0,18000.0,78.95,1.5,-1.35
35.5,35.95,32.0,32.6,32.53,110400.0,40.0,3591360.0,92400.0,83.7,3.95,-2.9
31.65,37.5,31.5,36.45,34.85,45600.0,30.0,1588980.0,38400.0,84.21,6.0,4.8
36.1,37.35,33.75,33.95,34.69,33600.0,16.0,1165500.0,30000.0,89.29,3.6,-2.15
34.05,36.9,34.05,34.2,35.05,67200.0,23.0,2355180.0,63600.0,94.64,2.85,0.15
34.55,37.9,34.2,36.85,36.38,153600.0,74.0,5588040.0,99600.0,64.84,3.7,2.3
36.4,38.0,34.7,35.1,35.78,121200.0,53.0,4336980.0,103200.0,85.15,3.3,-1.3
34.9,36.15,33.75,35.6,34.66,151200.0,30.0,5241300.0,102000.0,67.46,2.4,0.7
34.5,34.5,34.5,34.5,34.5,7200.0,1.0,248400.0,7200.0,100.0,0.0,0.0
34.25,37.0,33.5,35.55,34.53,85200.0,31.0,2942280.0,80400.0,94.37,3.5,1.3
36.6,36.6,33.7,34.7,35.54,40800.0,18.0,1449900.0,31200.0,76.47,2.9,-1.9
36.5,36.5,34.4,34.4,35.98,6000.0,3.0,215880.0,6000.0,100.0,2.1,-2.1
34.5,35.5,33.25,35.35,34.78,39600.0,15.0,1377180.0,36000.0,90.91,2.25,0.85
33.65,35.75,33.65,35.75,34.88,9600.0,6.0,334860.0,3600.0,37.5,2.1,2.1
34.5,35.15,34.5,35.15,34.83,4800.0,4.0,167160.0,3600.0,75.0,0.65,0.65
35.95,37.0,35.15,36.2,36.27,37200.0,26.0,1349220.0,31200.0,83.87,1.85,0.25
38.0,39.5,37.5,39.45,39.13,150000.0,95.0,5869320.0,129600.0,86.4,2.0,1.45
38.0,39.9,38.0,39.5,39.39,33600.0,27.0,1323480.0,24000.0,71.43,1.9,1.5
39.5,39.5,37.85,37.95,38.35,7200.0,6.0,276120.0,4800.0,66.67,1.65,-1.55
37.6,39.45,37.6,39.45,38.93,8400.0,7.0,327000.0,7200.0,85.71,1.85,1.85
39.8,40.95,33.05,36.6,37.96,22800.0,19.0,865440.0,14400.0,63.16,7.9,-3.2
38.85,38.85,36.0,36.0,36.31,54000.0,18.0,1960920.0,50400.0,93.33,2.85,-2.85
35.05,37.7,35.05,37.0,36.58,3600.0,3.0,131700.0,3600.0,100.0,2.65,1.95
37.25,37.25,37.25,37.25,37.25,2400.0,2.0,89400.0,2400.0,100.0,0.0,0.0
35.0,37.15,35.0,36.9,36.59,7200.0,5.0,263460.0,6000.0,83.33,2.15,1.9
35.3,35.5,35.3,35.5,35.49,24000.0,3.0,851760.0,24000.0,100.0,0.2,0.2
35.25,37.0,34.15,34.55,34.8,50400.0,21.0,1754040.0,40800.0,80.95,2.85,-0.7
35.95,39.0,35.0,35.4,35.93,103200.0,29.0,3707580.0,87600.0,84.88,4.0,-0.55
37.4,39.0,36.0,37.2,37.99,76800.0,34.0,2917680.0,45600.0,59.38,3.0,-0.2
39.0,39.95,37.7,38.4,38.92,10800.0,9.0,420360.0,7200.0,66.67,2.25,-0.6
36.75,40.85,36.25,39.85,39.12,44400.0,33.0,1736880.0,38400.0,86.49,4.6,3.1
38.5,40.0,38.0,38.25,38.76,45600.0,36.0,1767480.0,30000.0,65.79,2.0,-0.25
38.0,40.0,38.0,38.8,39.12,112800.0,27.0,4413180.0,100800.0,89.36,2.0,0.8
37.9,39.75,37.0,39.75,37.29,30000.0,7.0,1118640.0,28800.0,96.0,2.75,1.85
39.0,39.25,39.0,39.25,39.18,4800.0,4.0,188040.0,4800.0,100.0,0.25,0.25
39.9,39.9,37.55,37.55,38.91,10800.0,9.0,420180.0,7200.0,66.67,2.35,-2.35
36.4,36.4,36.3,36.3,36.35,2400.0,2.0,87240.0,2400.0,100.0,0.1,-0.1
37.65,37.65,34.75,37.2,36.53,3600.0,3.0,131520.0,3600.0,100.0,2.9,-0.45
35.5,36.0,35.5,36.0,35.75,2400.0,2.0,85800.0,1200.0,50.0,0.5,0.5
36.0,38.6,36.0,36.1,36.76,16800.0,9.0,617640.0,10800.0,64.29,2.6,0.1
34.15,35.75,34.15,35.35,35.08,3600.0,3.0,126300.0,1200.0,33.33,1.6,1.2
36.0,36.0,36.0,36.0,36.0,2400.0,2.0,86400.0,2400.0,100.0,0.0,0.0
36.5,42.9,34.75,39.25,39.6,74400.0,49.0,2946120.0,43200.0,58.06,8.15,2.75
38.0,38.0,36.2,37.8,37.43,18000.0,12.0,673800.0,15600.0,86.67,1.8,-0.2
37.0,38.85,34.65,34.9,35.37,98400.0,57.0,3480240.0,79200.0,80.49,4.2,-2.1
34.65,35.5,33.25,34.1,34.43,14400.0,12.0,495780.0,10800.0,75.0,2.25,-0.55
34.0,34.0,33.1,33.1,33.55,2400.0,2.0,80520.0,2400.0,100.0,0.9,-0.9
33.0,34.5,33.0,34.5,33.75,2400.0,2.0,81000.0,2400.0,100.0,1.5,1.5
32.4,34.95,31.5,34.95,32.98,10800.0,9.0,356220.0,8400.0,77.78,3.45,2.55
32.35,36.75,32.35,35.85,35.36,8400.0,7.0,297060.0,7200.0,85.71,4.4,3.5
33.9,37.7,33.5,36.85,36.22,33600.0,25.0,1216980.0,30000.0,89.29,4.2,2.95
35.15,35.15,35.15,35.15,35.15,1200.0,1.0,42180.0,1200.0,100.0,0.0,0.0
34.9,35.0,34.35,34.35,34.82,21600.0,11.0,752100.0,19200.0,88.89,0.65,-0.55
34.0,34.0,32.0,32.8,32.39,54000.0,25.0,1749300.0,37200.0,68.89,2.0,-1.2
32.1,32.1,32.1,32.1,32.1,1200.0,1.0,38520.0,1200.0,100.0,0.0,0.0
34.85,34.85,34.85,34.85,34.85,1200.0,1.0,41820.0,1200.0,100.0,0.0,0.0
31.15,33.25,31.15,33.05,31.57,16800.0,6.0,530340.0,13200.0,78.57,2.1,1.9
30.25,32.55,30.25,32.55,31.4,4800.0,2.0,150720.0,4800.0,100.0,2.3,2.3
31.05,31.05,31.0,31.0,31.01,9600.0,4.0,297660.0,9600.0,100.0,0.05,-0.05
32.0,32.55,32.0,32.55,32.28,2400.0,2.0,77460.0,2400.0,100.0,0.55,0.55
32.4,32.4,32.4,32.4,32.4,1200.0,1.0,38880.0,1200.0,100.0,0.0,0.0
33.1,33.1,32.0,32.0,32.37,3600.0,2.0,116520.0,3600.0,100.0,1.1,-1.1
28.75,28.75,28.75,28.75,28.75,1200.0,1.0,34500.0,1200.0,100.0,0.0,0.0
32.9,32.9,32.9,32.9,32.9,1200.0,1.0,39480.0,1200.0,100.0,0.0,0.0
33.95,36.35,33.95,35.0,35.44,21600.0,16.0,765420.0,13200.0,61.11,2.4,1.05
36.6,36.6,31.75,32.25,32.83,60000.0,21.0,1969560.0,56400.0,94.0,4.85,-4.35
33.25,33.25,31.75,32.95,32.7,7200.0,6.0,235440.0,6000.0,83.33,1.5,-0.3
33.7,33.7,33.7,33.7,33.7,1200.0,1.0,40440.0,1200.0,100.0,0.0,0.0
32.05,32.05,32.0,32.0,32.0,45600.0,19.0,1459320.0,45600.0,100.0,0.05,-0.05
30.05,31.0,30.05,30.75,30.59,10800.0,6.0,330360.0,10800.0,100.0,0.95,0.7
30.5,30.5,30.5,30.5,30.5,6000.0,3.0,183000.0,6000.0,100.0,0.0,0.0
30.0,31.7,29.75,30.5,30.44,19200.0,9.0,584400.0,18000.0,93.75,1.95,0.5
30.5,30.5,30.5,30.5,30.5,2400.0,1.0,73200.0,2400.0,100.0,0.0,0.0
31.35,32.5,31.35,32.0,31.53,87600.0,13.0,2762040.0,72000.0,82.19,1.15,0.65
33.9,33.9,33.25,33.3,33.44,4800.0,4.0,160500.0,4800.0,100.0,0.65,-0.6
32.0,32.9,32.0,32.9,32.77,8400.0,5.0,275280.0,8400.0,100.0,0.9,0.9
30.7,32.05,30.65,31.95,31.34,4800.0,4.0,150420.0,2400.0,50.0,1.4,1.25
32.0,34.5,32.0,33.85,33.13,37200.0,24.0,1232400.0,32400.0,87.1,2.5,1.85
35.5,35.5,32.45,32.45,32.72,80400.0,44.0,2630880.0,74400.0,92.54,3.05,-3.05
32.5,32.5,32.0,32.1,32.39,22800.0,17.0,738540.0,22800.0,100.0,0.5,-0.4
32.2,32.2,30.8,31.3,31.6,3600.0,3.0,113760.0,3600.0,100.0,1.4,-0.9
30.6,32.3,30.6,32.0,31.48,6000.0,5.0,188880.0,3600.0,60.0,1.7,1.4
32.9,37.9,32.4,37.3,35.72,114000.0,56.0,4072620.0,68400.0,60.0,5.5,4.4
33.1,37.2,33.1,35.9,35.42,25200.0,21.0,892560.0,21600.0,85.71,4.1,2.8
37.45,38.2,36.55,37.0,37.36,46800.0,35.0,1748280.0,34800.0,74.36,1.65,-0.45
36.95,36.95,33.9,34.4,34.73,20400.0,15.0,708480.0,13200.0,64.71,3.05,-2.55
35.0,35.0,34.35,34.6,34.76,33600.0,25.0,1167960.0,28800.0,85.71,0.65,-0.4
34.95,34.95,34.95,34.95,34.95,1200.0,1.0,41940.0,1200.0,100.0,0.0,0.0
33.45,34.55,33.2,34.55,33.72,18000.0,7.0,607020.0,16800.0,93.33,1.35,1.1
33.75,33.75,33.75,33.75,33.75,12000.0,2.0,405000.0,12000.0,100.0,0.0,0.0
33.3,34.0,33.3,33.5,33.69,4800.0,4.0,161700.0,3600.0,75.0,0.7,0.2
33.5,33.5,33.0,33.0,33.23,3600.0,3.0,119640.0,3600.0,100.0,0.5,-0.5
33.0,33.0,32.8,32.8,32.87,3600.0,3.0,118320.0,3600.0,100.0,0.2,-0.2
32.55,32.55,31.95,32.0,32.03,34800.0,16.0,1114800.0,32400.0,93.1,0.6,-0.55
33.0,33.7,33.0,33.7,33.35,2400.0,2.0,80040.0,2400.0,100.0,0.7,0.7
33.8,33.8,33.8,33.8,33.8,1200.0,1.0,40560.0,1200.0,100.0,0.0,0.0
33.5,34.25,33.5,34.25,33.93,10800.0,7.0,366420.0,10800.0,100.0,0.75,0.75
31.75,31.75,31.75,31.75,31.75,1200.0,1.0,38100.0,1200.0,100.0,0.0,0.0
34.0,34.0,34.0,34.0,34.0,2400.0,2.0,81600.0,2400.0,100.0,0.0,0.0
32.0,32.0,32.0,32.0,32.0,1200.0,1.0,38400.0,1200.0,100.0,0.0,0.0
32.0,34.75,32.0,33.8,33.55,21600.0,11.0,724620.0,19200.0,88.89,2.75,1.8
33.0,34.75,32.7,32.7,34.05,12000.0,10.0,408540.0,10800.0,90.0,2.05,-0.3
32.55,33.95,32.55,33.0,32.9,15600.0,6.0,513240.0,14400.0,92.31,1.4,0.45
33.7,33.9,32.0,32.05,32.48,14400.0,12.0,467640.0,12000.0,83.33,1.9,-1.65
32.0,32.85,32.0,32.85,32.43,2400.0,2.0,77820.0,1200.0,50.0,0.85,0.85
32.85,32.9,31.6,32.0,32.11,10800.0,9.0,346740.0,9600.0,88.89,1.3,-0.85
32.0,32.5,30.5,31.4,31.18,72000.0,42.0,2244660.0,50400.0,70.0,2.0,-0.6
31.0,32.2,31.0,32.2,31.84,4800.0,4.0,152820.0,3600.0,75.0,1.2,1.2
32.0,32.0,31.5,31.6,31.68,4800.0,3.0,152040.0,4800.0,100.0,0.5,-0.4
32.0,32.0,31.55,31.95,31.88,4800.0,4.0,153000.0,4800.0,100.0,0.45,-0.05
31.05,31.05,31.0,31.0,31.02,6000.0,5.0,186120.0,6000.0,100.0,0.05,-0.05
30.25,30.25,30.25,30.25,30.25,1200.0,1.0,36300.0,1200.0,100.0,0.0,0.0
31.0,31.0,30.0,30.0,30.19,14400.0,10.0,434700.0,13200.0,91.67,1.0,-1.0
30.05,30.05,30.0,30.0,30.02,3600.0,2.0,108060.0,3600.0,100.0,0.05,-0.05
31.0,31.6,29.3,29.6,30.58,16800.0,14.0,513660.0,12000.0,71.43,2.3,-1.4
29.3,30.5,28.75,30.2,30.03,16800.0,9.0,504420.0,15600.0,92.86,1.75,0.9
31.4,32.0,30.0,30.05,31.28,31200.0,21.0,975840.0,27600.0,88.46,2.0,-1.35
31.55,31.55,31.0,31.0,31.28,2400.0,2.0,75060.0,2400.0,100.0,0.55,-0.55
29.8,31.2,29.8,30.0,30.34,10800.0,5.0,327660.0,8400.0,77.78,1.4,0.2
32.3,35.8,31.25,33.75,33.24,52800.0,34.0,1755180.0,49200.0,93.18,4.55,1.45
33.35,35.0,32.4,32.4,33.94,13200.0,10.0,448020.0,12000.0,90.91,2.6,-0.95
32.85,33.0,32.85,33.0,32.96,4800.0,4.0,158220.0,4800.0,100.0,0.15,0.15
34.0,34.0,33.25,33.9,33.62,15600.0,7.0,524520.0,14400.0,92.31,0.75,-0.1
34.4,34.7,32.2,34.25,34.1,14400.0,9.0,491100.0,13200.0,91.67,2.5,-0.15
34.9,39.0,33.5,37.85,37.0,129600.0,70.0,4794960.0,120000.0,92.59,5.5,2.95
40.0,41.4,39.1,40.35,40.48,48000.0,34.0,1943100.0,40800.0,85.0,2.3,0.35
40.6,41.2,38.05,38.05,39.98,7200.0,6.0,287820.0,6000.0,83.33,3.15,-2.55
37.55,43.0,36.0,40.0,40.42,184800.0,94.0,7469340.0,166800.0,90.26,7.0,2.45
40.0,42.9,38.9,40.0,40.15,100800.0,44.0,4047180.0,94800.0,94.05,4.0,0.0
41.9,42.5,40.75,41.6,41.97,10800.0,9.0,453300.0,7200.0,66.67,1.75,-0.3
42.0,46.4,41.9,46.2,44.4,97200.0,56.0,4315800.0,87600.0,90.12,4.5,4.2
47.9,51.0,47.25,50.5,49.74,94800.0,71.0,4715580.0,73200.0,77.22,3.75,2.6
50.0,51.0,46.0,47.4,48.56,57600.0,40.0,2796840.0,46800.0,81.25,5.0,-2.6
46.0,46.0,45.0,45.2,45.46,13200.0,11.0,600120.0,13200.0,100.0,1.0,-0.8
47.0,48.5,46.0,47.75,47.5,22800.0,18.0,1083000.0,18000.0,78.95,2.5,0.75
45.75,48.5,45.75,47.1,47.49,70800.0,36.0,3362400.0,63600.0,89.83,2.75,1.35
47.1,48.95,47.1,48.5,47.93,64800.0,29.0,3105960.0,55200.0,85.19,1.85,1.4
47.5,48.95,46.75,47.9,47.81,45600.0,23.0,2180160.0,37200.0,81.58,2.2,0.4
47.0,47.0,46.5,47.0,46.83,3600.0,3.0,168600.0,3600.0,100.0,0.5,0.0
46.1,47.0,45.5,47.0,46.14,8400.0,7.0,387600.0,7200.0,85.71,1.5,0.9
47.0,47.0,45.25,45.65,46.04,8400.0,7.0,386700.0,7200.0,85.71,1.75,-1.35
46.0,46.75,45.5,45.55,46.12,13200.0,10.0,608820.0,10800.0,81.82,1.25,-0.45
46.95,47.5,45.65,47.3,46.11,68400.0,14.0,3153960.0,67200.0,98.25,1.85,0.35
47.0,47.0,44.25,45.0,45.59,34800.0,23.0,1586700.0,26400.0,75.86,2.75,-2.0
44.9,45.0,41.8,44.4,43.34,39600.0,29.0,1716300.0,22800.0,57.58,3.2,-0.5
42.9,42.9,42.0,42.0,42.38,9600.0,8.0,406800.0,7200.0,75.0,0.9,-0.9
38.25,41.7,38.25,40.95,40.16,8400.0,7.0,337320.0,4800.0,57.14,3.45,2.7
42.85,42.85,42.0,42.0,42.43,2400.0,2.0,101820.0,1200.0,50.0,0.85,-0.85
43.0,43.0,40.0,40.1,40.8,6000.0,5.0,244800.0,4800.0,80.0,3.0,-2.9
40.0,40.0,39.7,39.85,39.85,2400.0,2.0,95640.0,2400.0,100.0,0.3,-0.15
37.8,39.9,37.5,38.0,38.18,15600.0,13.0,595680.0,14400.0,92.31,2.4,0.2
39.4,40.3,38.0,38.0,39.1,12000.0,10.0,469140.0,9600.0,80.0,2.3,-1.4
39.5,39.6,36.7,36.85,37.76,10800.0,9.0,407760.0,7200.0,66.67,2.9,-2.65
36.1,36.8,36.0,36.8,36.18,7200.0,6.0,260520.0,6000.0,83.33,0.8,0.7
37.5,38.0,36.85,37.1,37.39,9600.0,8.0,358920.0,8400.0,87.5,1.15,-0.4
39.0,40.0,38.7,39.7,39.51,19200.0,13.0,758580.0,18000.0,93.75,1.3,0.7
39.75,40.0,39.7,39.7,39.79,4800.0,4.0,190980.0,3600.0,75.0,0.3,-0.05
41.0,41.0,40.0,40.6,40.68,6000.0,4.0,244080.0,6000.0,100.0,1.0,-0.4
42.0,42.0,40.6,40.6,40.99,4800.0,4.0,196740.0,4800.0,100.0,1.4,-1.4
40.1,40.1,39.0,39.0,39.45,8400.0,6.0,331380.0,8400.0,100.0,1.1,-1.1
